{
  "os":  "Linux-6.1.85+-x86_64-with-glibc2.35",
  "python":  "3.10.12",
  "startedAt":  "2024-11-11T17:40:47.214153Z",
  "program":  "Copy_of_cv_train_2a.ipynb",
  "email":  "crystal_toh_ys@aiap.sg",
  "root":  "/content",
  "host":  "ec44b25ac1be",
  "username":  "root",
  "executable":  "/usr/bin/python3",
  "colab":  "https://colab.research.google.com/notebook#fileId=1w8igM_YuyW2aOMnntc7VbjDz1t7x0TuR",
  "cpu_count":  1,
  "cpu_count_logical":  2,
  "gpu":  "Tesla T4",
  "gpu_count":  1,
  "disk":  {
    "/":  {
      "total":  "120942624768",
      "used":  "41710014464"
    }
  },
  "memory":  {
    "total":  "13609431040"
  },
  "cpu":  {
    "count":  1,
    "countLogical":  2
  },
  "gpu_nvidia":  [
    {
      "name":  "Tesla T4",
      "memoryTotal":  "16106127360",
      "cudaCores":  2560,
      "architecture":  "Turing"
    }
  ],
  "cudaVersion":  "12.2"
}